Workbook

Sheet major
A1: 공시 제목 | B1: 통합 분류 | C1: 세부 유형
A2: 타법인주식및출자증권양수결정 | B2: 투자·자산거래 | C2: 타법인지분거래
A3: 유형자산양도결정 | B3: 투자·자산거래 | C3: 유형자산양도
A4: 유형자산양수결정 | B4: 투자·자산거래 | C4: 유형자산양수
A5: 타법인주식및출자증권양도결정 | B5: 투자·자산거래 | C5: 타법인지분거래
A6: 자기주식처분결정 | B6: 자본·주식관리 | C6: 자기주식처분
A7: 자기주식취득결정 | B7: 자본·주식관리 | C7: 자기주식취득
A8: 자기주식취득신탁계약체결결정 | B8: 자본·주식관리 | C8: 자기주식신탁계약체결
A9: 자기주식취득신탁계약해지결정 | B9: 자본·주식관리 | C9: 자기주식신탁계약해지
A10: 감자결정 | B10: 자본·주식관리 | C10: 감자
A11: 무상증자결정 | B11: 자본·주식관리 | C11: 무상증자
A12: 상각형조건부자본증권발행결정 | B12: 자금조달·메자닌 | C12: 자본성·조건부자본증권발행
... A29: 영업정지 | B29: 경영위험 | C29: 영업정지

Sheet exchange
A1: 공시 제목 | B1: 통합 분류 | C1: 세부 유형
A2: 단일판매ㆍ공급계약체결 | B2: 투자·계약·자산 | C2: 공급계약체결
A3: 타법인주식및출자증권취득결정 | B3: 투자·계약·자산 | C3: 타법인지분취득
A4: 타인에대한채무보증결정 | B4: 투자·계약·자산 | C4: 채무보증제공
A5: 타법인주식및출자증권처분결정 | B5: 투자·계약·자산 | C5: 타법인지분처분
A6: 신규시설투자등 | B6: 투자·계약·자산 | C6: 신규시설투자
A7: 선급금지급결정 | B7: 투자·계약·자산 | C7: 선급금지급
A8: 금전대여결정 | B8: 투자·계약·자산 | C8: 금전대여
A9: 단일판매ㆍ공급계약해지 | B9: 투자·계약·자산 | C9: 공급계약해지
A10: 유형자산취득결정 | B10: 투자·계약·자산 | C10: 유형자산취득
A11: 단기차입금증가결정 | B11: 투자·계약·자산 | C11: 단기차입금증가
A12: 타인에대한담보제공결정 | B12: 투자·계약·자산 | C12: 담보제공
... A105: 기업가치제고계획예고 | B105: IR·전망·설명회 | C105: 기업가치제고계획예고

Sheet 그룹 기준
A1: AI 학습용 6개 통합 분류
A2: 공시 제목만으로 구분하기 쉬운 경제적 사건군으로 단순화했습니다.
A4: 통합 분류 | B4: 학습용 라벨 | C4: 묶는 기준 | D4: 공시 유형 수 | E4: 문서 수 | F4: 문서 비중
A5: 자본·주식관리 | B5: EQUITY_MANAGEMENT | C5: 자기주식·자사주신탁·감자·무상증자 등 회사 자체의 주식·자본구조 조정 | D5: =COUNTIF(major!$B$2:$B$29,A5) -> 6 | E5: =SUMIF(major!$B$2:$B$29,A5,major!#REF!) -> #REF! | F5: =E5/SUM($E$5:$E$10) -> #REF!
A6: 자금조달·메자닌 | B6: FINANCING_SECURITIES | C6: 유상증자와 CB·EB·조건부자본증권의 발행·매도·권리행사 등 조달증권 생애주기 | D6: =COUNTIF(major!$B$2:$B$29,A6) -> 7 | E6: =SUMIF(major!$B$2:$B$29,A6,major!#REF!) -> #REF! | F6: =E6/SUM($E$5:$E$10) -> #REF!
A7: 기업결합·조직재편 | B7: CORPORATE_RESTRUCTURING | C7: 회사·사업의 합병·분할·분할합병·주식교환·영업양수 등 조직 재편 | D7: =COUNTIF(major!$B$2:$B$29,A7) -> 5 | E7: =SUMIF(major!$B$2:$B$29,A7,major!#REF!) -> #REF! | F7: =E7/SUM($E$5:$E$10) -> #REF!
A8: 투자·자산거래 | B8: INVESTMENT_ASSET_TRANSACTIONS | C8: 타법인 지분이나 유형자산의 취득·매각 | D8: =COUNTIF(major!$B$2:$B$29,A8) -> 4 | E8: =SUMIF(major!$B$2:$B$29,A8,major!#REF!) -> #REF! | F8: =E8/SUM($E$5:$E$10) -> #REF!
A9: 상장·시장변경 | B9: LISTING_STATUS | C9: 해외 증권시장의 상장 또는 상장폐지 결정·완료 | D9: =COUNTIF(major!$B$2:$B$29,A9) -> 4 | E9: =SUMIF(major!$B$2:$B$29,A9,major!#REF!) -> #REF! | F9: =E9/SUM($E$5:$E$10) -> #REF!
A10: 경영위험 | B10: BUSINESS_RISK | C10: 소송 제기나 영업정지처럼 법률·영업연속성 위험이 현실화된 사건 | D10: =COUNTIF(major!$B$2:$B$29,A10) -> 2 | E10: =SUMIF(major!$B$2:$B$29,A10,major!#REF!) -> #REF! | F10: =E10/SUM($E$5:$E$10) -> #REF!
A11: 합계 | D11: =SUM(D5:D10) -> 28 | E11: =SUM(E5:E10) -> #REF! | F11: =SUM(F5:F10) -> #REF!
A13: 사용 방법: 'AI 학습용 분류' 시트의 E열(학습용 라벨) 6개만 모델의 정답값(target)으로 사용합니다.
A14: 주의: 상위 두 그룹이 전체의 85% 이상이므로 학습·평가 분할 시 stratified split과 class weight를 권장합니다.
A15: 분류 원칙: 일반 단어보다 긴 핵심 구문(자기전환사채, 타법인주식, 주식교환·이전, 상장폐지)을 먼저 판정합니다.
